name,label
barong/00000000.jpg,barong
barong/00000001.jpg,barong
barong/00000002.jpg,barong
barong/00000003.jpg,barong
barong/00000004.jpg,barong
barong/00000005.jpg,barong
barong/00000006.jpg,barong
barong/00000007.jpg,barong
barong/00000008.jpg,barong
barong/00000009.jpg,barong
barong/00000010.jpg,barong
barong/00000011.jpg,barong
barong/00000012.jpg,barong
barong/00000013.jpg,barong
barong/00000014.jpg,barong
barong/00000015.jpg,barong
barong/00000016.jpg,barong
barong/00000017.jpg,barong
barong/00000018.jpg,barong
barong/00000019.jpg,barong
barong/00000020.jpg,barong
barong/00000021.jpg,barong
barong/00000022.jpg,barong
barong/00000023.jpg,barong
barong/00000024.jpg,barong
barong/00000025.jpg,barong
barong/00000026.jpg,barong
barong/00000027.jpg,barong
barong/00000028.jpg,barong
barong/00000029.jpg,barong
barong/00000030.jpg,barong
barong/00000031.jpg,barong
barong/00000032.jpg,barong
barong/00000033.jpg,barong
barong/00000034.jpg,barong
barong/00000035.jpg,barong
barong/00000036.jpg,barong
barong/00000037.jpg,barong
barong/00000038.jpg,barong
barong/00000039.jpg,barong
barong/00000040.jpg,barong
barong/00000041.jpg,barong
barong/00000042.jpg,barong
barong/00000044.jpg,barong
barong/00000045.jpg,barong
barong/00000046.jpg,barong
barong/00000047.jpg,barong
barong/00000048.jpg,barong
barong/00000049.jpg,barong
barong/00000050.jpg,barong
barong/00000051.jpg,barong
barong/00000052.jpg,barong
barong/00000053.jpg,barong
barong/00000054.jpg,barong
barong/00000055.jpg,barong
barong/00000056.jpg,barong
barong/00000057.jpg,barong
barong/00000058.jpg,barong
barong/00000059.jpg,barong
barong/00000060.jpg,barong
barong/00000061.jpg,barong
barong/00000062.jpg,barong
barong/00000063.jpg,barong
barong/00000064.jpg,barong
barong/00000065.jpg,barong
barong/00000066.jpg,barong
barong/00000067.jpg,barong
barong/00000068.jpg,barong
barong/00000069.jpg,barong
barong/00000070.jpg,barong
barong/00000071.jpg,barong
barong/00000072.jpg,barong
barong/00000073.jpg,barong
barong/00000074.jpg,barong
barong/00000075.jpg,barong
barong/00000076.jpg,barong
barong/00000078.jpg,barong
barong/00000079.jpg,barong
barong/00000080.jpg,barong
barong/00000081.jpg,barong
barong/00000082.jpg,barong
barong/00000083.jpg,barong
barong/00000084.jpg,barong
barong/00000085.jpg,barong
barong/00000086.jpg,barong
barong/00000087.jpg,barong
barong/00000088.jpg,barong
barong/00000089.jpg,barong
barong/00000090.jpg,barong
barong/00000091.jpg,barong
barong/00000092.jpg,barong
barong/00000093.jpg,barong
barong/00000094.jpg,barong
barong/00000095.jpg,barong
barong/00000096.jpg,barong
barong/00000097.jpg,barong
barong/00000098.jpg,barong
barong/00000099.jpg,barong
barong/00000100.jpg,barong
barong/00000101.jpg,barong
barong/00000102.jpg,barong
barong/00000103.jpg,barong
barong/00000104.jpg,barong
barong/00000105.jpg,barong
barong/00000106.jpg,barong
barong/00000107.jpg,barong
barong/00000108.jpg,barong
barong/00000109.jpg,barong
barong/00000110.jpg,barong
barong/00000111.jpg,barong
barong/00000112.jpg,barong
barong/00000113.jpg,barong
barong/00000114.jpg,barong
barong/00000115.jpg,barong
barong/00000116.jpg,barong
barong/00000117.jpg,barong
barong/00000118.jpg,barong
barong/00000119.jpg,barong
barong/00000120.jpg,barong
barong/00000121.jpg,barong
barong/00000122.jpg,barong
barong/00000123.jpg,barong
barong/00000124.jpg,barong
barong/00000125.jpg,barong
barong/00000126.jpg,barong
barong/00000127.jpg,barong
barong/00000128.jpg,barong
barong/00000129.jpg,barong
barong/00000130.jpg,barong
barong/00000131.jpg,barong
barong/00000132.jpg,barong
barong/00000133.jpg,barong
barong/00000134.jpg,barong
barong/00000135.jpg,barong
barong/00000136.jpg,barong
barong/00000137.jpg,barong
barong/00000138.jpg,barong
barong/00000139.jpg,barong
barong/00000140.jpg,barong
barong/00000141.jpg,barong
barong/00000142.jpg,barong
barong/00000143.jpg,barong
barong/00000144.jpg,barong
barong/00000145.jpg,barong
barong/00000147.jpg,barong
barong/00000148.jpg,barong
barong/00000149.jpg,barong
barong/00000150.jpg,barong
barong/00000151.jpg,barong
barong/00000152.jpg,barong
barong/00000153.jpg,barong
barong/00000154.jpg,barong
barong/00000155.jpg,barong
barong/00000156.jpg,barong
barong/00000157.jpg,barong
barong/00000158.jpg,barong
barong/00000159.jpg,barong
barong/00000160.jpg,barong
barong/00000162.jpg,barong
barong/00000163.jpg,barong
barong/00000164.jpg,barong
barong/00000165.jpg,barong
barong/00000166.jpg,barong
barong/00000167.jpg,barong
barong/00000168.jpg,barong
barong/00000169.jpg,barong
barong/00000170.jpg,barong
barong/00000171.jpg,barong
barong/00000172.jpg,barong
barong/00000173.jpg,barong
barong/00000174.jpg,barong
barong/00000175.jpg,barong
barong/00000177.jpg,barong
barong/00000178.jpg,barong
barong/00000179.jpg,barong
barong/00000180.jpg,barong
barong/00000181.jpg,barong
barong/00000182.jpg,barong
barong/00000184.jpg,barong
barong/00000185.jpg,barong
barong/00000186.jpg,barong
barong/00000187.jpg,barong
barong/00000188.jpg,barong
barong/00000189.jpg,barong
barong/00000190.jpg,barong
barong/00000191.jpg,barong
barong/00000192.jpg,barong
barong/00000193.jpg,barong
barong/00000194.jpg,barong
barong/00000195.jpg,barong
barong/00000196.jpg,barong
barong/00000197.jpg,barong
barong/00000198.jpg,barong
barong/00000199.jpg,barong
kecak/00000000.jpg,kecak
kecak/00000001.jpg,kecak
kecak/00000002.jpg,kecak
kecak/00000003.jpg,kecak
kecak/00000004.jpg,kecak
kecak/00000005.jpg,kecak
kecak/00000006.jpg,kecak
kecak/00000007.jpg,kecak
kecak/00000008.jpg,kecak
kecak/00000009.jpg,kecak
kecak/00000010.jpg,kecak
kecak/00000011.jpg,kecak
kecak/00000012.jpg,kecak
kecak/00000013.jpg,kecak
kecak/00000014.jpg,kecak
kecak/00000015.jpg,kecak
kecak/00000016.jpg,kecak
kecak/00000017.jpg,kecak
kecak/00000018.jpg,kecak
kecak/00000019.jpg,kecak
kecak/00000021.jpg,kecak
kecak/00000022.jpg,kecak
kecak/00000023.jpg,kecak
kecak/00000024.jpg,kecak
kecak/00000025.jpg,kecak
kecak/00000027.jpg,kecak
kecak/00000029.jpg,kecak
kecak/00000030.jpg,kecak
kecak/00000031.jpg,kecak
kecak/00000032.jpg,kecak
kecak/00000033.jpg,kecak
kecak/00000034.jpg,kecak
kecak/00000035.jpg,kecak
kecak/00000036.jpg,kecak
kecak/00000037.jpg,kecak
kecak/00000038.jpg,kecak
kecak/00000039.jpg,kecak
kecak/00000040.jpg,kecak
kecak/00000041.jpg,kecak
kecak/00000042.jpg,kecak
kecak/00000043.jpg,kecak
kecak/00000044.jpg,kecak
kecak/00000045.jpg,kecak
kecak/00000046.jpg,kecak
kecak/00000047.jpg,kecak
kecak/00000048.jpg,kecak
kecak/00000049.jpg,kecak
kecak/00000050.jpg,kecak
kecak/00000051.jpg,kecak
kecak/00000052.jpg,kecak
kecak/00000053.jpg,kecak
kecak/00000054.jpg,kecak
kecak/00000055.jpg,kecak
kecak/00000056.jpg,kecak
kecak/00000058.jpg,kecak
kecak/00000059.jpg,kecak
kecak/00000060.jpg,kecak
kecak/00000061.jpg,kecak
kecak/00000062.jpg,kecak
kecak/00000063.jpg,kecak
kecak/00000064.jpg,kecak
kecak/00000065.jpg,kecak
kecak/00000066.jpg,kecak
kecak/00000068.jpg,kecak
kecak/00000070.jpg,kecak
kecak/00000071.jpg,kecak
kecak/00000072.jpg,kecak
kecak/00000073.jpg,kecak
kecak/00000074.jpg,kecak
kecak/00000075.jpg,kecak
kecak/00000078.jpg,kecak
kecak/00000079.jpg,kecak
kecak/00000080.jpg,kecak
kecak/00000081.jpg,kecak
kecak/00000082.jpg,kecak
kecak/00000083.jpg,kecak
kecak/00000084.jpg,kecak
kecak/00000085.jpg,kecak
kecak/00000086.jpg,kecak
kecak/00000087.jpg,kecak
kecak/00000088.jpg,kecak
kecak/00000089.jpg,kecak
kecak/00000090.jpg,kecak
kecak/00000091.jpg,kecak
kecak/00000092.jpg,kecak
kecak/00000094.jpg,kecak
kecak/00000095.jpg,kecak
kecak/00000096.jpg,kecak
kecak/00000097.jpg,kecak
kecak/00000098.jpg,kecak
kecak/00000099.jpg,kecak
kecak/00000100.jpg,kecak
kecak/00000101.jpg,kecak
kecak/00000102.jpg,kecak
kecak/00000103.jpg,kecak
kecak/00000104.jpg,kecak
kecak/00000105.jpg,kecak
kecak/00000106.jpg,kecak
kecak/00000107.jpg,kecak
kecak/00000108.jpg,kecak
kecak/00000110.jpg,kecak
kecak/00000111.jpg,kecak
kecak/00000112.jpg,kecak
kecak/00000113.jpg,kecak
kecak/00000114.jpg,kecak
kecak/00000115.jpg,kecak
kecak/00000116.jpg,kecak
kecak/00000117.jpg,kecak
kecak/00000120.jpg,kecak
kecak/00000121.jpg,kecak
kecak/00000122.jpg,kecak
kecak/00000123.jpg,kecak
kecak/00000125.jpg,kecak
kecak/00000126.jpg,kecak
kecak/00000127.jpg,kecak
kecak/00000129.jpg,kecak
kecak/00000130.jpg,kecak
kecak/00000131.jpg,kecak
kecak/00000132.jpg,kecak
kecak/00000133.jpg,kecak
kecak/00000134.jpg,kecak
kecak/00000135.jpg,kecak
kecak/00000136.jpg,kecak
kecak/00000137.jpg,kecak
kecak/00000138.jpg,kecak
kecak/00000140.jpg,kecak
kecak/00000141.jpg,kecak
kecak/00000143.jpg,kecak
kecak/00000144.jpg,kecak
kecak/00000145.jpg,kecak
kecak/00000146.jpg,kecak
kecak/00000147.jpg,kecak
kecak/00000148.jpg,kecak
kecak/00000149.jpg,kecak
kecak/00000150.jpg,kecak
kecak/00000151.jpg,kecak
kecak/00000152.jpg,kecak
kecak/00000153.jpg,kecak
kecak/00000154.jpg,kecak
kecak/00000156.jpg,kecak
kecak/00000157.jpg,kecak
kecak/00000158.jpg,kecak
kecak/00000159.jpg,kecak
legong/00000000.jpg,legong
legong/00000001.jpg,legong
legong/00000002.jpg,legong
legong/00000003.jpg,legong
legong/00000004.jpg,legong
legong/00000005.jpg,legong
legong/00000006.jpg,legong
legong/00000007.jpg,legong
legong/00000008.jpg,legong
legong/00000009.jpg,legong
legong/00000010.jpg,legong
legong/00000011.jpg,legong
legong/00000013.jpg,legong
legong/00000015.jpg,legong
legong/00000016.jpg,legong
legong/00000017.jpg,legong
legong/00000018.jpg,legong
legong/00000019.jpg,legong
legong/00000020.jpg,legong
legong/00000021.jpg,legong
legong/00000022.jpg,legong
legong/00000023.jpg,legong
legong/00000024.jpg,legong
legong/00000025.jpg,legong
legong/00000026.jpg,legong
legong/00000027.jpg,legong
legong/00000028.jpg,legong
legong/00000029.jpg,legong
legong/00000030.jpg,legong
legong/00000031.jpg,legong
legong/00000032.jpg,legong
legong/00000033.jpg,legong
legong/00000034.jpg,legong
legong/00000035.jpg,legong
legong/00000036.jpg,legong
legong/00000037.jpg,legong
legong/00000038.jpg,legong
legong/00000039.jpg,legong
legong/00000040.jpg,legong
legong/00000041.jpg,legong
legong/00000042.jpg,legong
legong/00000043.jpg,legong
legong/00000044.jpg,legong
legong/00000045.jpg,legong
legong/00000047.jpg,legong
legong/00000048.jpg,legong
legong/00000049.jpg,legong
legong/00000050.jpg,legong
legong/00000051.jpg,legong
legong/00000052.jpg,legong
legong/00000053.jpg,legong
legong/00000054.jpg,legong
legong/00000055.jpg,legong
legong/00000056.jpg,legong
legong/00000057.jpg,legong
legong/00000058.jpg,legong
legong/00000059.jpg,legong
legong/00000060.jpg,legong
legong/00000062.jpg,legong
legong/00000063.jpg,legong
legong/00000064.jpg,legong
legong/00000065.jpg,legong
legong/00000066.jpg,legong
legong/00000067.jpg,legong
legong/00000068.jpg,legong
legong/00000069.jpg,legong
legong/00000071.jpg,legong
legong/00000072.jpg,legong
legong/00000073.jpg,legong
legong/00000074.jpg,legong
legong/00000075.jpg,legong
legong/00000076.jpg,legong
legong/00000077.jpg,legong
legong/00000078.jpg,legong
legong/00000079.jpg,legong
legong/00000080.jpg,legong
legong/00000081.jpg,legong
legong/00000082.jpg,legong
legong/00000083.jpg,legong
legong/00000084.jpg,legong
legong/00000085.jpg,legong
legong/00000086.jpg,legong
legong/00000087.jpg,legong
legong/00000088.jpg,legong
legong/00000089.jpg,legong
legong/00000091.jpg,legong
legong/00000092.jpg,legong
legong/00000093.jpg,legong
legong/00000094.jpg,legong
legong/00000095.jpg,legong
legong/00000097.jpg,legong
legong/00000098.jpg,legong
legong/00000099.jpg,legong
legong/00000100.jpg,legong
legong/00000102.jpg,legong
legong/00000103.jpg,legong
legong/00000104.jpg,legong
legong/00000105.jpg,legong
legong/00000106.jpg,legong
legong/00000107.jpg,legong
legong/00000108.jpg,legong
legong/00000109.jpg,legong
legong/00000110.jpg,legong
legong/00000111.jpg,legong
legong/00000112.jpg,legong
legong/00000113.jpg,legong
legong/00000114.jpg,legong
legong/00000115.jpg,legong
legong/00000116.jpg,legong
legong/00000118.jpg,legong
legong/00000119.jpg,legong
legong/00000120.jpg,legong
legong/00000121.jpg,legong
legong/00000122.jpg,legong
legong/00000123.jpg,legong
legong/00000124.jpg,legong
legong/00000125.jpg,legong
legong/00000127.jpg,legong
legong/00000129.jpg,legong
legong/00000132.jpg,legong
legong/00000133.jpg,legong
legong/00000134.jpg,legong
legong/00000135.jpg,legong
legong/00000136.jpg,legong
legong/00000138.jpg,legong
legong/00000139.jpg,legong
legong/00000140.jpg,legong
legong/00000141.jpg,legong
legong/00000142.jpg,legong
legong/00000143.jpg,legong
legong/00000144.jpg,legong
legong/00000145.jpg,legong
legong/00000146.jpg,legong
legong/00000147.jpg,legong
legong/00000148.jpg,legong
legong/00000149.jpg,legong
legong/00000150.jpg,legong
legong/00000151.jpg,legong
legong/00000152.jpg,legong
legong/00000153.jpg,legong
legong/00000155.jpg,legong
legong/00000156.jpg,legong
legong/00000157.jpg,legong
legong/00000158.jpg,legong
legong/00000159.jpg,legong
legong/00000160.jpg,legong
legong/00000162.jpg,legong
legong/00000163.jpg,legong
legong/00000164.jpg,legong
legong/00000165.jpg,legong
legong/00000166.jpg,legong
legong/00000168.jpg,legong
legong/00000169.jpg,legong
legong/00000171.jpg,legong
legong/00000173.jpg,legong
legong/00000174.jpg,legong
legong/00000175.jpg,legong
legong/00000176.jpg,legong
legong/00000177.jpg,legong
legong/00000178.jpg,legong
legong/00000179.jpg,legong
legong/00000180.jpg,legong
legong/00000181.jpg,legong
legong/00000182.jpg,legong
legong/00000183.jpg,legong
legong/00000184.jpg,legong
legong/00000185.jpg,legong
legong/00000186.jpg,legong
legong/00000190.jpg,legong
legong/00000191.jpg,legong
legong/00000192.jpg,legong
legong/00000193.jpg,legong
legong/00000194.jpg,legong
legong/00000195.jpg,legong
legong/00000196.jpg,legong
legong/00000197.jpg,legong
legong/00000198.jpg,legong
